1 + 1;1;2
2 + 2;1;4
3 + 1;1;4
4 + 2;1;6
5 + 3;1;8
1 + 4;1;5
2 + 5;1;7
3 + 3;1;6
6 + 1;1;7
7 + 2;1;9
4 + 4;1;8
5 + 1;1;6
8 - 3;1;5
9 - 4;1;5
6 - 2;1;4
7 - 1;1;6
5 - 5;1;0
3 + 0;1;3
2 + 6;1;8
9 - 2;1;7
4 + 5;1;9
8 - 4;1;4
1 + 7;1;8
6 + 3;1;9
8 + 2;2;1;0
7 + 5;2;1;2
6 + 6;2;1;2
9 + 4;2;1;3
5 + 8;2;1;3
4 + 9;2;1;3
15 - 6;2;9
14 - 5;2;9
12 - 3;2;9
11 - 2;2;9
10 - 4;2;6
16 - 7;2;9
9 + 5;2;1;4
8 + 6;2;1;4
7 + 7;2;1;4
18 - 9;2;9
9 + 9;3;1;8
8 + 7;3;1;5
20 - 11;3;9
19 - 8;3;1;1
5 + 6 + 4;3;1;5
10 + 5 - 3;3;1;2
9 + 8 - 2;3;1;5
25 - 10 - 5;3;1;0
